이미지,생활지수,지수,안내멘트,그래프 값,그래프 최댓값
../img/icon_idx_carwash.png?ver=20231214,세차지수,0,세차하기 안 좋은 날씨예요,0,100
../img/icon_idx_running.png?ver=20231214,달리기지수,0,야외조깅은 절대 자제하세요,0,100
../img/icon_idx_washing.png?ver=20231214,빨래지수,9,굳이 오늘 빨래해야 한다면 빨래방으로,9,100
../img/icon_idx_sleep.png?ver=20231214,수면지수,10,잠자기 전 가벼운 스트레칭 추천,10,100
../img/icon_idx_umb.png?ver=20231214,우산지수,70,튼튼한 우산을 챙겨주세요,70,100
../img/icon_life_uv.png?ver=20231214,자외선지수,1,자외선 걱정 없는 날이에요.,25,100
../img/icon_life_cold.png?ver=20231214,감기지수,3,감기지수가 높으니 체온 유지는 필수,75,100
../img/icon_life_freez.png?ver=20231214,동파지수,25,동파! 안심해도 좋아요,25,100
